{
  "increasing": false,
  "x_esik": [
    509.0,
    513.0,
    514.0,
    515.0,
    516.0,
    520.0,
    521.0,
    551.0,
    552.0,
    589.0,
    590.0,
    843.0,
    844.0,
    850.0
  ],
  "y_esik": [
    0.4,
    0.4,
    0.3333333333333333,
    0.3333333333333333,
    0.18518518518518517,
    0.18518518518518517,
    0.18397626112759644,
    0.18397626112759644,
    0.1791907514450867,
    0.1791907514450867,
    0.1702127659574468,
    0.1702127659574468,
    0.1423948220064725,
    0.1423948220064725
  ]
}