{
  "increasing": true,
  "x_esik": [
    1.809077140407919e-05,
    0.009216336812226377,
    0.009256950730337474,
    0.012810891054768908,
    0.012905087442045247,
    0.017953868211199563,
    0.018027967370847834,
    0.039334916693272624,
    0.03933869222868561,
    0.06140352335146156,
    0.06173695272549185,
    0.07265719998438301,
    0.0727635290070551,
    0.10652408316403444,
    0.10656366084100498,
    0.1089889567313212,
    0.10940379483321577,
    0.12123461508066187,
    0.12134911056701705,
    0.13171647778654755,
    0.13189591900800648,
    0.2541045792629482,
    0.25507309174344645,
    0.28013467889264576,
    0.2813802363625441,
    0.2909684522331178,
    0.29107072754476054,
    0.313868579840712,
    0.3141857898650918,
    0.3993693781295347,
    0.40057090016779623,
    0.40902673639023773,
    0.4091280912947475,
    0.41611555882943013,
    0.41739158778232394,
    0.44027955604327645,
    0.44455348996005367,
    0.6719808925818156,
    0.6720090250161387,
    0.7818978316225043,
    0.7824487534400627,
    0.8307342751444861,
    0.8353881629203075,
    0.9436810766487477,
    0.9511966615415743,
    0.9648610058632845
  ],
  "y_esik": [
    0.0,
    0.0,
    0.016666666666666666,
    0.016666666666666666,
    0.01694915254237288,
    0.01694915254237288,
    0.027777777777777776,
    0.027777777777777776,
    0.03289473684210526,
    0.03289473684210526,
    0.07352941176470588,
    0.07352941176470588,
    0.0782608695652174,
    0.0782608695652174,
    0.1,
    0.1,
    0.14285714285714285,
    0.14285714285714285,
    0.16666666666666666,
    0.16666666666666666,
    0.16908212560386474,
    0.16908212560386474,
    0.2571428571428571,
    0.2571428571428571,
    0.29411764705882354,
    0.29411764705882354,
    0.3103448275862069,
    0.3103448275862069,
    0.3114754098360656,
    0.3114754098360656,
    0.3333333333333333,
    0.3333333333333333,
    0.4,
    0.4,
    0.5,
    0.5,
    0.6249999999999999,
    0.6249999999999999,
    0.6666666666666666,
    0.6666666666666666,
    0.8181818181818182,
    0.8181818181818182,
    0.8823529411764706,
    0.8823529411764706,
    1.0,
    1.0
  ]
}